{
    "Heart_Disease": {
        "Plain": {
            "F1_Macro": 0.8688172043010753,
            "AUC": 0.9577922077922079,
            "Accuracy": 0.8688524590163934,
            "Time_Seconds": 17.79543423652649
        },
        "Ensemble": {
            "F1_Macro": 0.8688172043010753,
            "AUC": 0.9642857142857143,
            "Accuracy": 0.8688524590163934,
            "Time_Seconds": 102.88861751556396
        }
    },
    "Pima_Diabetes": {
        "Plain": {
            "F1_Macro": 0.7096530920060332,
            "AUC": 0.8331481481481481,
            "Accuracy": 0.7402597402597403,
            "Time_Seconds": 118.55833578109741
        },
        "Ensemble": {
            "F1_Macro": 0.692175899486008,
            "AUC": 0.8285185185185185,
            "Accuracy": 0.7272727272727273,
            "Time_Seconds": 317.0337414741516
        }
    },
    "Telco_Churn": {
        "Plain": {
            "F1_Macro": 0.7273322714619588,
            "AUC": 0.8490389831822057,
            "Accuracy": 0.8062455642299503,
            "Time_Seconds": 4234.996091127396
        },
        "Ensemble": {
            "F1_Macro": 0.7284962573186096,
            "AUC": 0.8491410266346326,
            "Accuracy": 0.8062455642299503,
            "Time_Seconds": 5516.525204181671
        }
    }
}