{
    "Telco_Churn": {
        "F1": 0.5685534591194968,
        "AUC": 0.7960835981296339,
        "Accuracy": 0.7565649396735273,
        "Time_Seconds": 55.22365760803223
    },
    "Experiment_C_FeatEng": {
        "F1_Raw": 0.5531914893617021,
        "F1_Engineered": 0.5685534591194968
    },
    "Heart_Disease": {
        "F1": 0.8709677419354839,
        "AUC": 0.9307359307359306,
        "Accuracy": 0.8688524590163934,
        "Time_Seconds": 0.7491841316223145
    },
    "Pima_Diabetes": {
        "F1": 0.6610169491525424,
        "AUC": 0.8287037037037037,
        "Accuracy": 0.7402597402597403,
        "Time_Seconds": 1.0245707035064697
    },
    "Experiment_B_DirtyData": {
        "XGBoost_NoImpute_F1": 0.6153846153846154,
        "XGBoost_Imputed_F1": 0.6610169491525424
    }
}