{
    "Heart_Disease": {
        "60s": {
            "F1_Macro": 0.8360215053763441,
            "AUC": 0.9458874458874458,
            "Accuracy": 0.8360655737704918,
            "Time_Seconds": 108.34998607635498,
            "Best_Model": "LightGBMXT_BAG_L2",
            "Models_Evaluated": 5,
            "Disk_Space_MB": 23.84,
            "Used_Stacking_Ensembling": true
        },
        "600s": {
            "F1_Macro": 0.8194780737153619,
            "AUC": 0.9155844155844156,
            "Accuracy": 0.819672131147541,
            "Time_Seconds": 605.6748840808868,
            "Best_Model": "XGBoost_BAG_L2",
            "Models_Evaluated": 54,
            "Disk_Space_MB": 185.38,
            "Used_Stacking_Ensembling": true
        }
    },
    "Pima_Diabetes": {
        "60s": {
            "F1_Macro": 0.7155576604309732,
            "AUC": 0.825925925925926,
            "Accuracy": 0.7467532467532467,
            "Time_Seconds": 65.01687550544739,
            "Best_Model": "LightGBMXT_BAG_L2",
            "Models_Evaluated": 6,
            "Disk_Space_MB": 60.48,
            "Used_Stacking_Ensembling": true
        },
        "600s": {
            "F1_Macro": 0.7186538461538461,
            "AUC": 0.8114814814814816,
            "Accuracy": 0.7532467532467533,
            "Time_Seconds": 605.2570230960846,
            "Best_Model": "LightGBM_BAG_L2",
            "Models_Evaluated": 46,
            "Disk_Space_MB": 205.29,
            "Used_Stacking_Ensembling": true
        }
    },
    "Telco_Churn": {
        "60s": {
            "F1_Macro": 0.7295437095535813,
            "AUC": 0.8447738252086079,
            "Accuracy": 0.7814052519517388,
            "Time_Seconds": 64.84007406234741,
            "Best_Model": "LightGBMXT_BAG_L1",
            "Models_Evaluated": 5,
            "Disk_Space_MB": 249.39,
            "Used_Stacking_Ensembling": true
        },
        "600s": {
            "F1_Macro": 0.7381627323474389,
            "AUC": 0.8459686377844945,
            "Accuracy": 0.7991483321504613,
            "Time_Seconds": 603.8530259132385,
            "Best_Model": "WeightedEnsemble_L2",
            "Models_Evaluated": 18,
            "Disk_Space_MB": 359.06,
            "Used_Stacking_Ensembling": true
        }
    }
}